{
  "resources": [
    "assets/sfx.json/sfx.ogg",
    "assets/sfx.json/sfx.mp3"
  ],
  "spritemap": {
    "beep": {
      "start": 0,
      "end": 0.04739229024943311,
      "loop": false
    },
    "bounce": {
      "start": 1.9999999999999998,
      "end": 2.0502721088435374,
      "loop": false
    },
    "drop": {
      "start": 4,
      "end": 4.922766439909297,
      "loop": false
    },
    "expand": {
      "start": 6,
      "end": 7.012675736961452,
      "loop": false
    },
    "gameover": {
      "start": 9,
      "end": 13.358072562358277,
      "loop": false
    },
    "shrink": {
      "start": 15,
      "end": 15.676553287981859,
      "loop": false
    },
    "star": {
      "start": 17,
      "end": 17.88888888888889,
      "loop": false
    },
    "start": {
      "start": 19,
      "end": 19.252063492063492,
      "loop": false
    }
  }
}